BR,Brake Fluid
BR,Brake Master Cylinder
BR,Fasteners
BR,Brake Lines
BR,Brake Discs
BR,Brake Pads
BR,Balance Bar
BR,Calipers
BR,Proportioning Valve
EN,Air Filter
EN,Axles
EN,Carburetor
EN,Chain / Belt
EN,Coolant
EN,Coolant Lines
EN,CV Joints/U Joints
EN,Differential
EN,Differential Bearings
EN,Differential Mounts
EN,Engine
EN,Engine Mounts
EN,Engine/Diff Oil
EN,Exhaust Manifold
EN,Fuel Filter
EN,Fuel Injectors
EN,Fuel Lines/Rails
EN,Fuel Pressure Reg.
EN,Fuel Pump
EN,Fuel Tank
EN,Fuel Vent/Check Valve
EN,Hose Clamps 
EN,Intake Manifold
EN,Muffler
EN,Oil Cooler
EN,Overflow Bottles
EN,Radiator
EN,Radiator Fans 
EN,Restrictor
EN,Shields
EN,Sprocket/Pulleys
EN,Throttle Body
EN,Turbo/Super Charger
FR,Aerodynamic Wing
FR,Body Attachments
FR,Body Material
FR,Body Processing
FR,Clutch
FR,Floor Pan
FR,Frame / Frame Tubes 
FR,Mounts Integral to Frame
FR,Pedals
FR,Shifter
FR,Shifter Cable/Linkage
FR,Throttle Controls
FR,Tube End Preps
FR,Tubes Cuts/Bends
EL,Battery
EL,Brake Light
EL,Bulbs
EL,Dash Panel
EL,ECM/Engine Electronics
EL,Fuses
EL,Indicator Lights 
EL,Kill Switch
EL,Oil Pressure Gage/Light
EL,Relays 
EL,Solenoids
EL,Starter Button
EL,Tachometer
EL,Water Temperature Gage
EL,Wire Harness/Connectors
MS,Driver's Harness 
MS,Fire Wall
MS,Headrest / Restraints 
MS,Mirrors
MS,Paint Body
MS,Paint Frame
MS,Seats
MS,Shields
ST,Steering Rack
ST,Steering Shaft
ST,Steering Wheel
ST,Steering Wheel Quick Release
ST,Tie Rods
SU,Bell Cranks 
SU,Front A/Arms or Equivalent
SU,Front Uprights
SU,Pushrods/Pullrods
SU,Rear A/Arms or Equivalent
SU,Rear Uprights 
SU,Rod Ends
SU,Shocks Front
SU,Springs
SU,Suspension Mechanism
WT,Front Hubs
WT,Lug Nuts
WT,Rear Hubs
WT,Tires
WT,Valve Stems
WT,Wheel Bearings
WT,Wheel Studs
WT,Wheel Weights
WT,Wheels
